<?xml version="1.0" encoding="UTF-8"?>
<project-private xmlns="http://www.netbeans.org/ns/project-private/1">
    <editor-bookmarks xmlns="http://www.netbeans.org/ns/editor-bookmarks/2" lastBookmarkId="0"/>
    <open-files xmlns="http://www.netbeans.org/ns/projectui-open-files/2">
        <group>
            <file>file:/Z:/Sensor%20DHT22.X/delay.c</file>
            <file>file:/Z:/Sensor%20DHT22.X/main.c</file>
            <file>file:/Z:/Sensor%20DHT22.X/dht.h</file>
            <file>file:/Z:/Sensor%20DHT22.X/lcd.c</file>
            <file>file:/Z:/Sensor%20DHT22.X/dht.c</file>
            <file>file:/Z:/Sensor%20DHT22.X/lcd.h</file>
        </group>
    </open-files>
</project-private>
